{
	"box":59392,
	"buy-cart":59393,
	"cancel":59394,
	"checkmark":59395,
	"credit-card":59396,
	"delivery-truck":59398,
	"disabled":59399,
	"fertilizer":59400,
	"gift":59401,
	"google-pay":59402,
	"phonepe":59417,
	"right-arrow-angle-(1)":59418,
	"right-arrow-angle":59419,
	"rupee":59420,
	"search":59421,
	"seeds":59422,
	"manage-products":59413,
	"left-arrow-angle-big-gross-symbol":59412,
	"biopesticide":59433,
	"arrow-angle-pointing-to-right":59432,
	"mobile-money":59414,
	"paytm":59415,
	"pesticide":59416,
	"dashboard":59397,
	"group":59403,
	"harvest":59404,
	"history":59405,
	"home":59406,
	"key":59407,
	"smart-farm":59423,
	"smartphone-call":59424,
	"user":59425,
	"wallet":59426,
	"abb1":59427,
	"left-angle-arrow":59408,
	"left-arrow":59409,
	"left-arrow-angle-(1)":59410,
	"left-arrow-angle":59411,
	"add-to-cart":59428,
	"angle-arrow-pointing-to-right":59429,
	"angle-pointing-to-left":59430,
	"arrow-angle-pointing-to-right-(1)":59431
}